permalink,woorden_oud,woorden_nieuw,verlies_pct,afb_oud,afb_nieuw,links_oud,links_nieuw,tabellen_oud,tabellen_nieuw
/2009/06/60-paces/,541,556,-2.8,0,0,0,0,0,0
/2009/06/99-test-balloons/,326,343,-5.2,1,1,0,0,0,0
/2009/06/alaskan-road-trip/,1610,1620,-0.6,0,0,0,0,0,0
/2009/06/alphabet-game/,361,370,-2.5,0,0,0,0,0,0
/2009/06/coin-sorting/,538,545,-1.3,0,0,0,0,0,0
/2009/06/collaborative-origami/,972,990,-1.9,0,0,0,0,0,0
/2009/06/doggy-planning/,762,783,-2.8,0,0,0,4,0,0
/2009/06/football-scrum/,559,566,-1.3,0,0,0,0,0,0
/2009/06/location-location-location/,188,193,-2.7,0,0,3,2,0,0
/2009/06/mr-happy-face/,2547,2659,-4.4,4,4,0,4,0,0
/2009/06/no-one-listens-to-me/,170,175,-2.9,0,0,3,2,0,0
/2009/06/pair-programming-game/,625,634,-1.4,0,0,0,0,0,0
/2009/06/picture-me/,550,569,-3.5,0,0,4,4,0,0
/2009/06/planning-poker/,264,269,-1.9,0,0,3,3,0,0
/2009/06/presto-manifesto/,818,830,-1.5,0,0,0,0,0,0
/2009/06/process-doodle/,504,516,-2.4,0,0,0,0,0,0
/2009/06/question-game/,536,541,-0.9,0,0,0,0,0,0
/2009/06/rate-games-at-blog-tastycupcakes-com/,28,28,0,0,0,0,0,0,0
/2009/06/resort-brochure/,1348,1363,-1.1,0,0,0,0,0,0
/2009/06/submit-your-game/,23,23,0,0,0,0,0,0,0
/2009/06/tangled-mess/,748,769,-2.8,0,0,0,0,0,0
/2009/06/telephone-game/,466,494,-6,0,0,0,0,0,0
/2009/06/the-story-of-our-sprints/,1180,1200,-1.7,0,0,0,0,0,0
/2009/06/the-train-game/,1555,1593,-2.4,0,0,0,0,0,0
/2009/06/theory-of-constraints-dice-game/,594,608,-2.4,0,0,0,0,0,0
/2009/06/were-having-a-party/,1471,1496,-1.7,0,0,0,0,0,0
/2009/06/what-were-they-thinking/,933,953,-2.1,0,0,8,8,0,0
/2009/06/why-agile-games/,430,431,-0.2,1,1,0,0,0,0
/2009/06/word-at-a-time-letter/,188,193,-2.7,0,0,3,2,0,0
/2009/06/you-are-not-in-control/,1491,1496,-0.3,0,0,0,0,0,0
/2009/07/people-polling/,1584,1597,-0.8,2,2,0,0,0,0
/2009/07/the-problem-with-principles/,572,589,-3,0,0,0,0,0,0
/2009/08/example-please/,723,731,-1.1,0,0,0,0,0,0
/2009/09/sizing-game/,2575,2642,-2.6,0,0,4,4,0,0
/2009/10/map-flap/,800,808,-1,0,0,2,2,0,0
/2009/11/tastycupcakes-published-in-agile-journal/,16,16,0,0,0,0,0,0,0
/2009/12/tastycupcakes-agile-games-podcast-with-improving-enterprises/,55,55,0,0,0,0,0,0,0
/2010/01/pocket-sized-principles/,946,975,-3.1,0,0,0,3,0,0
/2010/03/deep-agile-2010-empowering-teams-with-agile-games/,69,69,0,0,0,0,0,0,0
/2010/05/first-agile-games-conference-at-deepagile/,816,827,-1.3,0,0,1,1,0,0
/2010/07/the-backlog-is-in-the-eye-of-the-beholder/,3436,3666,-6.7,0,0,0,1,0,0
/2010/10/agile-games-conference-2011/,53,54,-1.9,0,0,0,1,0,0
/2010/11/marshmallow-challenge/,240,242,-0.8,0,0,0,0,0,0
/2011/01/agile-games-2011-conference-super-early-bird-pricing-until-january-24-2011/,73,73,0,0,0,0,1,0,0
/2011/01/new-for-2011-tastycupcakes-updated-and-expanded-vision/,106,121,-14.2,0,0,0,0,0,0
/2011/01/your-turn-to-play-get-involved-with-tasty-cupcakes/,175,175,0,0,0,1,4,0,0
/2011/02/agile-games-2011-early-bird-prices-end-feb-28th/,169,169,0,0,0,0,1,0,0
/2011/02/tasty-cupcakes-now-in-three-languages/,39,39,0,0,0,0,0,0,0
/2011/03/bang-for-the-buck-prioritization/,1709,1729,-1.2,0,0,0,5,0,0
/2011/04/coaching-skills-dojo/,121,123,-1.7,0,0,0,0,0,0
/2011/04/dont-blow-it/,657,702,-6.8,0,0,0,0,0,0
/2011/04/non-musical-chairs/,1623,1638,-0.9,0,0,0,0,0,0
/2011/04/pair-chess-exercise/,519,523,-0.8,0,0,0,4,0,0
/2011/04/redesign-the-gift-giving-experience/,430,452,-5.1,0,0,0,0,0,0
/2011/04/sustaining-agility/,143,146,-2.1,0,0,0,0,0,0
/2011/04/tastycupcakes-community-update/,247,247,0,0,0,0,0,0,0
/2011/05/screencast-four-ways-to-search-for-games-on-tastycupcakes/,249,249,0,0,0,0,0,0,0
/2011/05/we-played-innovationgames-to-plan-tastycupcakes-org/,511,514,-0.6,5,5,5,5,0,0
/2011/06/cover-story-2/,507,517,-2,0,0,0,0,0,0
/2011/06/empathy-map/,275,282,-2.5,0,0,0,0,0,0
/2011/06/online-plusdelta-game/,271,276,-1.8,0,0,0,0,0,0
/2011/06/prune-the-product-tree/,629,637,-1.3,0,0,0,0,0,0
/2011/06/rock-paper-scissors-happiness/,345,346,-0.3,0,0,0,1,0,0
/2011/06/speed-boat/,318,322,-1.3,0,0,0,0,0,0
/2011/06/the-whole-product-game/,308,317,-2.9,0,0,10,10,0,0
/2011/07/actions-for-retrospectives-2/,270,273,-1.1,0,0,0,0,0,0
/2011/07/agile-airplanes/,83,83,0,0,0,0,1,0,0
/2011/07/agile-game-incubator-agile-games-2011/,275,275,0,0,0,0,0,0,0
/2011/07/agile-game-incubator-online/,415,423,-1.9,0,0,0,0,0,0
/2011/07/dodontisisnt/,795,789,0.8,0,0,0,0,0,0
/2011/07/how-now-wow-matrix/,363,367,-1.1,0,0,0,0,0,0
/2011/07/impact-effort-matrix/,312,315,-1,0,0,0,0,0,0
/2011/07/proscons-game/,309,313,-1.3,0,0,0,0,0,0
/2011/07/swot-analysis-game/,311,318,-2.3,0,0,0,0,0,0
/2011/07/the-big-payoff/,1720,1740,-1.2,0,0,0,0,0,0
/2011/08/circles-and-soup/,334,342,-2.4,0,0,0,0,0,0
/2011/08/learning-matrix/,253,262,-3.6,0,0,0,0,0,0
/2011/08/merrill-covey-matrix/,1835,1875,-2.2,0,0,0,0,0,0
/2011/08/zhong-zhi-a-one-handed-agile-game-for-illustrating-problems-and-finding-solutions/,367,370,-0.8,0,0,0,0,0,0
/2011/10/continuous-integration-with-lego/,1121,1143,-2,4,4,4,5,0,0
/2011/10/mitch-lacey-team-prioritization/,2049,2069,-1,0,0,0,0,0,0
/2011/10/pairing-for-non-programmers/,2805,2872,-2.4,0,0,0,4,0,0
/2011/11/human-knot/,484,489,-1,0,0,0,2,0,0
/2011/12/circles-of-influence/,307,312,-1.6,0,0,0,0,0,0
/2011/12/values-driven-retrospective-game/,783,788,-0.6,0,0,0,0,1,1
/2012/01/agile-games-2012-call-for-games/,45,45,0,0,0,0,1,0,0
/2012/02/is-it-ragu-or-bolognese/,303,304,-0.3,0,0,0,0,0,0
/2012/02/multitasking-game-handsnumberssong/,156,157,-0.6,0,0,0,1,0,0
/2012/02/nobodys-perfct/,527,534,-1.3,0,0,0,0,0,0
/2012/02/you-sunk-my-methodology/,452,453,-0.2,0,0,0,0,0,0
/2012/03/fearless-journey-the-game-that-gets-your-team-unstuck/,1170,1182,-1,0,0,0,3,0,0
/2012/03/job-or-joy/,298,303,-1.7,0,0,0,0,0,0
/2012/03/one-word-storytelling/,203,206,-1.5,0,0,0,0,0,0
/2012/03/ouija-board-estimation/,160,160,0,7,7,7,7,0,0
/2012/04/scrum-simulation-with-lego-bricks/,312,327,-4.8,0,0,0,0,0,0
/2012/04/tasty-estimation/,1283,1315,-2.5,0,0,0,0,0,0
/2012/05/lean-startup-snowflakes/,2328,2337,-0.4,0,0,0,0,0,0
/2012/06/2-brains-tell-it-sell-it/,238,242,-1.7,0,0,0,0,0,0
/2012/07/challenger-selling-model/,370,375,-1.4,0,0,0,0,0,0
/2012/07/gone-fishing-game/,648,672,-3.7,0,0,0,0,1,1
/2012/07/innovation-ambition-matrix/,1268,1282,-1.1,0,0,0,0,0,0
/2012/08/customer-centric/,358,363,-1.4,0,0,0,0,0,0
/2012/08/die-card-die-the-interruption-game/,497,499,-0.4,0,0,0,0,0,0
/2012/08/innovation-generator/,406,410,-1,0,0,0,0,0,0
/2012/08/kanban-tetris/,231,248,-7.4,0,0,0,0,0,0
/2012/08/safe-bold-framework/,406,424,-4.4,0,0,0,0,0,0
/2012/08/wellbeing-north-star/,311,315,-1.3,0,0,0,0,0,0
/2012/09/the-domino-effect/,330,334,-1.2,0,0,0,0,0,0
/2012/09/the-project-managers-nightmare/,434,436,-0.5,0,0,0,1,0,0
/2012/09/we-want-a-city-scrum-simulation-with-lego-extension/,568,568,0,0,0,0,0,0,0
/2012/10/balloon-animals/,205,211,-2.9,0,0,0,0,0,0
/2012/10/celebrity-prioritisation/,370,379,-2.4,1,1,0,0,0,0
/2012/10/destroy/,139,151,-8.6,1,1,0,0,0,0
/2012/10/first-letter-last-letter/,143,155,-8.4,0,0,0,0,0,0
/2012/10/free-market-prioritisation/,337,348,-3.3,0,0,0,0,0,0
/2012/10/intuitions/,167,169,-1.2,0,0,0,0,0,0
/2012/10/movements-of-a-hypnotic-nature/,359,379,-5.6,0,0,0,0,0,0
/2012/10/musical-bells/,405,414,-2.2,0,0,0,0,0,0
/2012/10/once-upon-a-time-in-legoland/,291,307,-5.5,0,0,0,0,0,0
/2012/10/story-spines/,451,465,-3.1,0,0,0,0,0,0
/2012/10/swedish-stories/,169,176,-4.1,0,0,0,0,0,0
/2012/10/the-blame-game/,1190,1190,0,0,0,0,0,0,0
/2012/10/the-sprint-limerick/,317,334,-5.4,0,0,0,0,0,0
/2012/10/the-sprint-mural/,224,231,-3.1,0,0,0,0,0,0
/2012/10/thirty-five/,389,407,-4.6,0,0,0,0,0,0
/2012/10/top-traits/,200,214,-7,0,0,0,0,0,0
/2012/10/upside-downside/,269,278,-3.3,0,0,0,0,0,0
/2012/10/video-reframing/,262,267,-1.9,0,0,0,0,0,0
/2012/11/delight/,199,200,-0.5,0,0,0,0,0,0
/2012/11/gift-box/,232,233,-0.4,0,0,0,0,0,0
/2012/11/questions-only/,168,171,-1.8,0,0,0,0,0,0
/2012/11/tdd-test-driven-drawing/,538,545,-1.3,0,0,0,0,0,0
/2012/11/three-headed-expert/,276,279,-1.1,0,0,3,2,0,0
/2012/11/werewolf-facilitation/,383,392,-2.3,0,0,0,0,0,0
/2012/12/take-the-win-win-wave/,445,451,-1.3,0,0,0,0,0,0
/2013/02/52-card-pickup/,778,780,-0.3,0,0,0,3,0,0
/2013/02/copycats-2/,615,616,-0.2,1,1,0,0,0,0
/2013/02/the-herculean-doughnut/,597,623,-4.4,0,0,0,0,0,0
/2013/03/8-monkeys-in-a-cage-–-a-mura-learning-game/,282,287,-1.8,0,0,3,3,0,0
/2013/03/play-doh-zoo-agile-ux-unleashed/,1348,1412,-4.7,0,0,0,0,1,1
/2013/03/the-high-risk-airplane-factory/,717,715,0.3,0,0,0,0,0,0
/2013/04/communication-race/,401,405,-1,0,0,0,1,0,0
/2013/04/e-w-a-n-mcgregor/,1070,1070,0,1,1,0,1,1,1
/2013/04/the-risk-is-in-the-blocks/,731,734,-0.4,0,0,0,0,0,0
/2013/05/the-penny-game/,463,477,-3,0,0,0,0,0,0
/2013/07/francais-99-ballons-de-test/,1600,1620,-1.2,4,4,0,1,0,0
/2013/07/moodgraph/,188,195,-3.7,0,0,0,0,0,0
/2013/08/software-kanban-games/,150,158,-5.3,0,0,0,1,0,0
/2013/09/leadership-magic-trick/,825,827,-0.2,0,0,0,0,0,0
/2013/09/line-up/,425,436,-2.6,0,0,0,0,0,0
/2013/09/mind-reading/,450,454,-0.9,0,0,0,0,0,0
/2013/10/a-day-in-the-perfect-company-movie/,554,558,-0.7,0,0,0,0,0,0
/2013/11/mobile-introspection-aka-opening-your-curatorial-eye/,248,252,-1.6,0,0,0,1,0,0
/2013/11/three-projects-three-experiments/,908,914,-0.7,0,0,0,0,0,0
/2013/12/2014-san-jose-budget-games/,623,624,-0.2,0,0,0,0,0,0
/2013/12/values-advocacy/,770,771,-0.1,0,0,0,1,0,0
/2014/01/christmas-lucky-dip-game-with-a-twist-energise-your-christmas-party/,641,641,0,0,0,0,1,0,0
/2014/01/scrum-roles-and-responsibilities-game/,527,569,-8,0,0,0,0,0,0
/2014/02/card-in-a-sealed-envelope/,366,369,-0.8,0,0,0,1,0,0
/2014/02/matching-values/,568,574,-1.1,0,0,2,1,0,0
/2014/02/means-first-then-states/,2681,2691,-0.4,0,0,0,1,0,0
/2014/03/the-sandwich-retrospective/,961,964,-0.3,0,0,0,1,0,0
/2014/05/ball-flow-game/,103,114,-10.7,0,0,0,1,0,0
/2014/05/lego-flow-game/,229,230,-0.4,0,0,0,1,0,0
/2014/05/the-product-owner-role/,4847,4897,-1,0,0,0,0,0,0
/2014/06/defining-done/,376,385,-2.4,0,0,0,0,0,0
/2014/06/epic-bedtime-story/,597,611,-2.3,0,0,0,0,0,0
/2014/06/the-rocket-retrospective/,504,504,0,0,0,0,1,0,0
/2014/07/project-snapper-an-inception-value-realisation-game/,209,216,-3.3,0,0,0,1,0,0
/2014/07/scrumheads-the-daily-scrum-game/,195,204,-4.6,0,0,0,1,0,0
/2014/07/sudokuban-a-kanban-in-action-game-in-puzzles/,208,213,-2.4,0,0,0,1,0,0
/2014/07/the-cultural-radars/,958,963,-0.5,2,2,0,1,0,0
/2014/08/cynefin-with-the-team-drawer/,981,981,0,4,4,0,0,0,0
/2014/08/the-newlywed-game/,321,329,-2.5,0,0,0,0,0,0
/2014/09/new-kanban-simulation-game-featureban/,333,333,0,0,0,1,1,0,0
/2014/09/the-estimation-quest/,2226,2232,-0.3,6,6,1,3,0,0
/2014/10/fellowship-of-the-goal-gamify-the-cardwall/,966,975,-0.9,0,0,0,0,0,0
/2014/10/team-responsibility-game/,1004,1020,-1.6,0,0,0,0,1,1
/2014/10/the-planning-quest/,1642,1642,0,5,5,0,2,0,0
/2014/11/the-zmey-planning/,1254,1254,0,1,1,0,1,0,0
/2014/11/user-stories-vs-requirements/,631,649,-2.9,0,0,0,0,0,0
/2014/12/team-trust-canvas/,414,419,-1.2,0,0,0,0,0,0
/2014/12/the-fatware-matrix/,1348,1349,-0.1,4,4,0,1,0,0
/2015/01/hold-the-ball-longer-stronger-together/,613,634,-3.4,3,3,5,4,0,0
/2015/01/product-owner-challenge/,568,574,-1.1,0,0,0,5,0,0
/2015/01/story-cube-time-line/,521,530,-1.7,0,0,3,2,0,0
/2015/01/the-battle-of-the-retrospectives/,1307,1307,0,3,3,0,1,0,0
/2015/02/face-facts/,379,385,-1.6,0,0,0,0,0,0
/2015/02/scrumble-an-agile-board-game/,2179,2194,-0.7,0,0,0,4,0,0
/2015/02/the-workplace-equations/,1908,1909,-0.1,2,2,0,1,0,0
/2015/02/video-scrum/,577,581,-0.7,1,1,3,2,0,0
/2015/03/a-day-at-the-movies/,442,457,-3.4,1,1,1,1,0,0
/2015/03/the-teamwork-oscars/,1482,1483,-0.1,4,4,0,2,0,0
/2015/04/mytoy-agile-product-development-game/,106,107,-0.9,0,0,0,1,0,0
/2015/04/play4agile-north-america-sept-11-13-2015/,153,153,0,0,0,0,0,0,0
/2015/05/4729/,838,838,0,0,0,0,1,0,0
/2015/05/agile-clock/,520,520,0,5,5,0,0,0,0
/2015/05/weekend-escape/,166,168,-1.2,0,0,0,0,0,0
/2015/07/agile-scrum-framework-at-glance/,636,644,-1.3,0,0,0,1,0,0
/2015/07/more-meaningful-stories/,139,144,-3.6,0,0,0,0,0,0
/2015/07/penny-flow/,1547,1554,-0.5,0,0,16,16,0,0
/2015/08/kanban-pizza-game/,405,405,0,0,0,0,5,0,0
/2015/08/one-word-retrospective-game/,199,205,-3,0,0,0,0,0,0
/2015/08/retrospective-darts/,175,185,-5.7,0,0,1,1,0,0
/2015/08/the-bicycle-game/,532,555,-4.3,0,0,0,0,0,0
/2015/09/scrumgauntlet/,8688,8830,-1.6,1,1,0,0,0,0
/2015/09/spreadsheet-craftsmanship/,293,308,-5.1,0,0,0,1,0,0
/2015/10/4-ls/,207,208,-0.5,0,0,0,0,0,0
/2015/10/jargonbust/,280,283,-1.1,0,0,0,0,0,0
/2015/11/silent-collaboration/,251,253,-0.8,0,0,3,2,0,0
/2015/12/this-sprint-future-o-spective-with-santa-claus/,777,787,-1.3,0,0,0,0,0,0
/2016/01/daily-stand-up-simulation/,923,934,-1.2,0,0,0,1,0,0
/2016/01/hitting-the-target-business-value-in-mission-focused-organizations/,726,746,-2.8,0,0,0,0,0,0
/2016/01/the-job-title-game/,245,246,-0.4,0,0,0,0,0,0
/2016/02/iterative-incremental-big-bang-2/,269,275,-2.2,0,0,0,1,0,0
/2016/02/the-misemotions-game/,968,980,-1.2,3,3,0,1,1,1
/2016/02/the-roast/,380,381,-0.3,0,0,0,0,0,0
/2016/02/try-or-die-the-x-periment/,629,641,-1.9,1,1,0,0,1,1
/2016/03/agile-jenga-testing-game/,2649,2649,0,0,0,0,15,0,0
/2016/04/play4agile-north-america-2016-sept-9-11/,113,113,0,0,0,0,0,0,0
/2016/05/5668/,476,488,-2.5,3,3,0,0,0,0
/2016/05/n-listen/,183,183,0,0,0,0,0,0,0
/2016/05/personal-space-workshop/,424,427,-0.7,1,1,0,0,0,0
/2016/05/throw-the-cat-and-other-objects/,299,318,-6.4,0,0,0,1,0,0
/2016/06/first-things-first/,3767,3817,-1.3,0,0,0,0,0,0
/2016/06/judgement-juggler/,1830,1829,0.1,0,0,0,0,1,1
/2016/06/paint-the-story-point/,622,650,-4.5,0,0,0,0,0,0
/2016/06/scrum-card-game/,1039,1060,-2,0,0,0,0,0,0
/2016/06/scrum-values-roles-card-game/,228,229,-0.4,1,1,0,1,0,0
/2016/06/the-agile-mindset-workshop/,722,730,-1.1,0,0,0,1,0,0
/2016/07/nexus-zoo-a-scaling-simulator/,612,619,-1.1,0,0,0,0,0,0
/2016/07/scrum-simulation-with-minecraft/,281,281,0,1,1,0,1,0,0
/2016/08/pitfalls-possibilities/,518,519,-0.2,0,0,9,8,0,0
/2016/08/story-cubes-retrospective/,448,453,-1.1,0,0,0,0,0,0
/2016/09/to-plan-or-not-to-plan/,950,972,-2.3,0,0,0,0,0,0
/2016/10/the-coffee-game/,289,297,-2.8,0,0,0,0,0,0
/2016/12/lego-team-building/,735,776,-5.6,0,0,0,1,1,1
/2017/01/francais-jeu-des-roles-et-des-responsabilites-de-scrum/,582,627,-7.7,0,0,0,0,0,0
/2017/01/logo-maze-why-we-test-first/,546,553,-1.3,0,0,0,0,0,0
/2017/02/cards-against-agility/,241,241,0,1,1,0,0,0,0
/2017/02/failure-memory-game/,512,525,-2.5,0,0,0,0,1,1
/2017/02/simplicity-in-lego-technical-practices/,109,111,-1.8,0,0,0,2,0,0
/2017/03/x-matrix-jigsaw-puzzle/,196,197,-0.5,0,0,0,1,0,0
/2017/04/company-profile/,550,550,0,0,0,0,0,0,0
/2017/04/the-lean-star-game/,292,295,-1,0,0,0,0,0,0
/2017/05/gameception-–-the-team-game-that-creates-itself/,989,1007,-1.8,0,0,0,0,0,0
/2017/05/may-the-4th-force-be-with-you-retrospective/,7295,7295,0,0,0,0,10,0,0
/2017/05/scrum-events-cycle/,357,361,-1.1,1,1,0,0,0,0
/2017/06/lets-take-a-journey-retrospective/,266,269,-1.1,0,0,0,0,0,0
/2017/06/the-kanban-silly-tasks-game/,678,701,-3.4,0,0,0,1,0,0
/2017/06/the-league-of-extraordinarily-shortsighted-agile-superleaders-retrospective/,652,662,-1.5,5,5,0,0,0,0
/2017/07/decoration-kanban/,5926,6106,-3,0,0,0,0,15,10
/2017/07/time-tree-fertilizer-retro/,527,527,0,0,0,0,0,0,0
/2017/09/cardunit-a-unit-testing-simulation/,567,569,-0.4,0,0,1,1,0,0
/2017/09/positive-change-canvas/,216,216,0,0,0,0,0,0,0
/2017/09/the-large-scale-scrum-less-dynamics-game/,2093,2148,-2.6,7,6,0,3,0,0
/2017/10/deep-dive-into-kanban-essentials-using-donut-making/,7340,7465,-1.7,0,0,0,0,0,0
/2017/10/sinking-islands/,369,384,-4.1,0,0,0,0,0,0
/2017/10/the-core-beliefs-of-waterfall-agile-and-lean/,271,274,-1.1,0,0,0,0,0,0
/2017/12/core-scrum-game/,276,280,-1.4,0,0,0,2,0,0
/2018/01/daily-scrum-game/,465,477,-2.6,0,0,0,0,0,0
/2018/01/the-fast-and-the-furious-and-other-fs-retrospective-activity/,1516,1565,-3.2,0,0,0,0,0,0
/2018/02/kitchen-prioritization/,956,1000,-4.6,0,0,0,0,0,0
/2018/03/dice-of-debt/,529,530,-0.2,0,0,0,0,0,0
/2018/04/pass-the-perfection/,651,649,0.3,0,0,0,1,0,0
/2018/05/sprint-simulation-scrum-practice-game/,430,442,-2.8,0,0,0,0,0,0
/2018/06/sequence-an-agile-integration-game/,3885,3985,-2.6,0,0,0,0,0,0
/2018/07/a-non-it-scrum-simulation-game-learn-scrum-and-self-organizing-through-a-game/,772,796,-3.1,0,0,0,1,0,0
/2018/07/check-your-mindset/,99,100,-1,1,1,4,4,0,0
/2018/07/the-feedback-game/,74,77,-4.1,0,0,0,1,0,0
/2018/08/the-matchup-canvas/,104,104,0,0,0,0,0,0,0
/2018/08/the-spark-engine/,499,501,-0.4,0,0,0,1,0,0
/2018/09/heart-of-agile-psychic-handshake/,754,752,0.3,0,0,0,0,0,0
/2018/10/speed-mentoring-happy-hour/,410,422,-2.9,0,0,0,0,0,0
/2018/11/core-less-game/,1280,1305,-2,0,0,0,0,0,0
/2018/12/valuable-paper-airplanes/,425,430,-1.2,0,0,0,0,0,0
/2019/01/21-jedi/,1993,2003,-0.5,0,0,0,0,0,0
/2019/01/retrospective-sailing-being-agile/,2008,2025,-0.8,3,3,4,7,0,0
/2019/01/witches-cooking-reunion/,2795,2800,-0.2,5,5,35,35,0,0
/2019/02/build-your-own-agile-game/,501,510,-1.8,0,0,0,0,0,0
/2019/02/virtual-cards-against-agility/,762,763,-0.1,3,3,2,3,0,0
/2019/02/virtual-cards-for-agility/,745,747,-0.3,3,3,1,3,0,0
/2019/02/virtual-scrum-roles-game/,280,284,-1.4,0,0,0,4,0,0
/2019/02/virtual-scrum-values-game/,421,428,-1.7,0,0,0,4,0,0
/2019/03/agile-radar/,733,734,-0.1,4,4,0,1,0,0
/2019/03/kanban-simulation/,183,185,-1.1,0,0,0,2,0,0
/2019/04/technical-debt-game-for-non-technical-people/,726,740,-1.9,4,4,0,0,0,0
/2019/05/agile-telephone-pictionary-game/,253,260,-2.8,0,0,0,0,0,0
/2019/06/conways-compositions/,1296,1302,-0.5,4,4,0,0,0,0
/2019/06/egg-shell/,251,269,-7.2,0,0,0,0,0,0
/2019/06/satisfaction-foot/,486,492,-1.2,0,0,0,0,0,0
/2019/07/scrumtale-scrum-simulation-workshop/,545,562,-3.1,1,1,0,1,0,0
/2019/08/art-gallery-retrospective/,475,478,-0.6,0,0,0,0,0,0
/2019/08/newspaper-retro/,582,591,-1.5,0,0,0,0,0,0
/2019/08/pair-poetry/,1517,1542,-1.6,0,0,0,0,0,0
/2019/08/the-turkey-game-agile-product-management/,399,400,-0.3,0,0,0,0,0,0
/2019/09/how-to-build-a-puzzle-scrum-simulation-game/,1300,1318,-1.4,0,0,0,0,0,0
/2019/10/debunking-multitasking-with-cards/,947,955,-0.8,0,0,0,0,0,0
/2019/10/magicmaze/,866,867,-0.1,1,1,1,2,0,0
/2019/11/10283/,678,679,-0.1,0,0,0,0,0,0
/2019/11/dependency-jigsaw-game/,878,891,-1.5,4,4,0,1,0,0
/2019/11/the-stoneage-team-game/,43,45,-4.7,0,0,0,0,0,0
/2019/12/summer-meadows-and-the-three-vs/,641,641,0,3,3,0,0,0,0
/2020/02/the-scrum-workflow/,455,459,-0.9,1,1,0,1,0,0
/2020/03/agile-wheel/,364,374,-2.7,1,1,0,0,0,0
/2020/03/mob-programming-with-baba-is-you/,84,86,-2.4,1,1,0,0,0,0
/2020/04/ball-point-wfh-game/,1063,1075,-1.1,2,2,0,1,0,0
/2020/04/ball-wfh-point-game/,1063,1075,-1.1,2,2,0,1,0,0
/2020/04/rapid-estimation-game-for-remote-workers/,704,719,-2.1,3,3,0,0,0,0
/2020/04/virtual-world-scrum-simulation/,47,47,0,0,0,0,1,0,0
/2020/06/anxiety-party/,102,109,-6.9,11,11,0,0,0,0
/2020/06/change-curves-energizer/,159,166,-4.4,2,2,0,0,0,0
/2020/06/epic-online-futurespective/,2175,2192,-0.8,1,1,0,1,0,0
/2020/06/flipping-agile-pizza/,225,230,-2.2,0,0,0,1,0,0
/2020/06/stress-container/,223,227,-1.8,1,1,0,0,0,0
/2020/06/the-online-pencil-challenge/,725,738,-1.8,3,3,0,0,0,0
/2020/07/tower-defence-retrospective/,695,698,-0.4,0,0,0,1,0,0
/2020/08/large-scale-scrum-less-principles-card-sort/,189,201,-6.3,0,0,0,2,0,0
/2020/08/the-ultimate-workshop-planning-template/,279,282,-1.1,1,1,0,1,0,0
/2020/09/online-taboo-game/,548,550,-0.4,2,2,0,0,0,0
/2020/10/building-high-performing-organizations-game-a-game-for-managers-scrummasters-product-owners/,496,514,-3.6,2,2,0,0,0,0
/2020/10/energizer-for-remote-meetings/,94,94,0,0,0,0,0,0,0
/2020/10/mindset-matching-game/,552,557,-0.9,0,0,0,4,0,0
/2020/10/remote-wfh-ball-point-game/,201,201,0,4,4,0,0,0,0
/2020/11/simagile-a-real-life-scrum-simulation/,86,86,0,1,1,0,1,0,0
/2021/01/a-fun-remote-demo-of-the-benefits-of-self-organization/,713,718,-0.7,3,3,0,0,0,0
/2021/01/piggy-bank-scrum-simulation-in-remote/,1148,1170,-1.9,11,11,0,0,0,0
/2021/02/teamgram/,220,223,-1.4,0,0,0,1,0,0
/2021/03/professional-love-prove-us-wrong/,454,462,-1.8,1,1,0,0,0,0
/2021/03/professional-love-the-card-game-prove-us-wrong/,719,733,-1.9,2,2,0,1,0,0
/2021/03/remote-comunication/,269,269,0,0,0,0,2,0,0
/2021/03/scrum-values-game/,198,200,-1,1,1,1,2,0,0
/2021/08/goldilocks-and-the-three-bears/,599,600,-0.2,0,0,2,3,0,0
/2022/01/working-title-stakeholder-doughnut/,454,474,-4.4,1,1,1,1,0,0
/2022/08/acts-of-leadersheep/,253,267,-5.5,5,5,0,0,0,0
/2022/08/drowning-in-dependencies-try-a-new-dependency-game/,799,807,-1,2,2,0,0,0,0
/2022/09/estimation-game-cup-of-tea/,149,149,0,0,0,0,2,0,0
/2022/09/retrospective-sailing/,61,69,-13.1,0,0,0,1,0,0
/2022/10/agile-mindset-test-agile-thinking-game/,226,235,-4,0,0,0,1,0,0
/2022/10/the-shaky-motivational-tower-of-babel/,586,600,-2.4,2,2,0,1,0,0
/2022/12/what-you-think-is-what-you-get-wytiwyg/,595,610,-2.5,1,1,0,0,0,0
/2023/01/dogs-retro/,34,34,0,4,4,1,1,0,0
/2023/01/retro-cats/,116,116,0,1,1,1,1,0,0
/2023/03/clue-the-retro/,617,617,0,1,1,0,0,0,0
/2023/03/scale-agile-simulator/,267,267,0,3,3,0,1,0,0
/2023/04/everyone-is-right-only-partially-exploring-perspectives-improving-relationships/,780,786,-0.8,1,1,0,0,0,0
/2023/04/the-being-agile-canvas-template/,388,410,-5.7,3,3,0,1,0,0
/2023/06/unlocking-team-creativity-the-elementalists-enigma-escape-room-icebreaker/,2170,2193,-1.1,1,1,0,4,0,0
/es/2009/06/60-paces/,191,196,-2.6,0,0,3,2,0,0
/es/2009/06/alaskan-road-trip/,665,670,-0.8,0,0,3,2,0,0
/es/2009/06/coin-sorting/,187,188,-0.5,0,0,3,2,0,0
/es/2009/06/collaborative-origami/,322,326,-1.2,0,0,3,2,0,0
/es/2009/06/doggy-planning/,762,783,-2.8,0,0,0,4,0,0
/es/2009/06/football-scrum/,202,205,-1.5,0,0,3,2,0,0
/es/2009/06/no-one-listens-to-me/,171,174,-1.8,0,0,3,2,0,0
/es/2009/06/pair-programming-game/,218,221,-1.4,0,0,3,2,0,0
/es/2009/06/presto-manifesto/,291,295,-1.4,0,0,3,2,0,0
/es/2009/06/process-doodle/,183,187,-2.2,0,0,3,2,0,0
/es/2009/06/question-game/,195,196,-0.5,0,0,3,2,0,0
/es/2009/06/resort-brochure/,398,402,-1,0,0,3,2,0,0
/es/2009/06/the-story-of-our-sprints/,444,450,-1.4,0,0,3,2,0,0
/es/2009/06/the-train-game/,461,471,-2.2,0,0,3,2,0,0
/es/2009/06/theory-of-constraints-dice-game/,594,608,-2.4,0,0,0,0,0,0
/es/2009/06/were-having-a-party/,438,443,-1.1,0,0,3,2,0,0
/es/2009/06/what-were-they-thinking/,933,953,-2.1,0,0,8,8,0,0
/es/2009/06/you-are-not-in-control/,431,434,-0.7,0,0,3,2,0,0
/es/2009/07/people-polling/,449,455,-1.3,0,0,3,2,0,0
/es/2009/07/the-problem-with-principles/,246,253,-2.8,0,0,3,2,0,0
/es/2009/08/example-please/,244,247,-1.2,0,0,3,2,0,0
/es/2010/01/pocket-sized-principles/,370,383,-3.5,0,0,3,3,0,0
/es/2010/07/the-backlog-is-in-the-eye-of-the-beholder/,983,1042,-6,0,0,3,2,0,0
/es/2013/03/the-high-risk-airplane-factory/,416,417,-0.2,0,0,3,2,0,0
/fr/2012/04/scrum-simulation-with-lego-bricks/,225,234,-4,0,0,3,2,0,0
/fr/2012/05/lean-startup-snowflakes/,1119,1122,-0.3,2,2,5,3,0,0
/fr/2012/07/innovation-ambition-matrix/,862,872,-1.2,1,1,4,3,0,0
/fr/2012/10/the-blame-game/,691,692,-0.1,0,0,3,2,0,0
/fr/2013/07/francais-99-ballons-de-test/,444,450,-1.4,1,1,3,2,0,0
/fr/2013/09/leadership-magic-trick/,493,495,-0.4,0,0,3,2,0,0
/fr/2014/02/means-first-then-states/,1508,1514,-0.4,0,0,3,2,0,0
/fr/2015/02/scrumble-an-agile-board-game/,1206,1215,-0.7,0,0,3,4,0,0
/fr/2015/10/4-ls/,156,158,-1.3,1,1,4,2,0,0
/fr/2017/01/francais-jeu-des-roles-et-des-responsabilites-de-scrum/,595,641,-7.7,1,1,4,3,0,0
/fr/2018/02/kitchen-prioritization/,521,545,-4.6,0,0,3,2,0,0
/fr/2018/03/dice-of-debt/,47,48,-2.1,0,0,3,2,0,0
/pt/2009/06/60-paces/,179,185,-3.4,0,0,3,2,0,0
/pt/2009/06/alphabet-game/,140,143,-2.1,0,0,3,2,0,0
/pt/2009/06/coin-sorting/,181,184,-1.7,0,0,3,2,0,0
/pt/2009/06/collaborative-origami/,303,309,-2,0,0,3,2,0,0
/pt/2009/06/doggy-planning/,239,241,-0.8,0,0,3,3,0,0
/pt/2009/06/football-scrum/,197,200,-1.5,0,0,3,2,0,0
/pt/2009/06/no-one-listens-to-me/,159,162,-1.9,0,0,3,2,0,0
/pt/2009/06/pair-programming-game/,211,214,-1.4,0,0,3,2,0,0
/pt/2009/06/presto-manifesto/,249,253,-1.6,0,0,3,2,0,0
/pt/2009/06/question-game/,193,195,-1,0,0,3,2,0,0
/pt/2009/06/resort-brochure/,410,414,-1,0,0,3,2,0,0
/pt/2009/06/the-story-of-our-sprints/,443,449,-1.4,0,0,3,2,0,0
/pt/2009/06/the-train-game/,442,455,-2.9,0,0,3,2,0,0
/pt/2009/06/theory-of-constraints-dice-game/,208,212,-1.9,0,0,3,2,0,0
/pt/2009/06/were-having-a-party/,438,449,-2.5,0,0,3,2,0,0
/pt/2009/06/what-were-they-thinking/,933,953,-2.1,0,0,8,8,0,0
/pt/2009/06/you-are-not-in-control/,495,498,-0.6,0,0,3,2,0,0
/pt/2009/07/people-polling/,446,450,-0.9,2,2,3,2,0,0
/pt/2009/07/the-problem-with-principles/,241,247,-2.5,0,0,3,2,0,0
/pt/2009/08/example-please/,237,241,-1.7,0,0,3,2,0,0
/pt/2009/10/map-flap/,316,319,-0.9,0,0,3,2,0,0
/pt/2010/01/pocket-sized-principles/,946,975,-3.1,0,0,0,3,0,0
/pt/2010/07/the-backlog-is-in-the-eye-of-the-beholder/,960,1016,-5.8,0,0,3,3,0,0
/ru/2009/06/60-paces/,161,166,-3.1,0,0,3,2,0,0
/ru/2009/06/99-test-balloons/,368,374,-1.6,1,1,3,2,0,0
/ru/2009/06/alaskan-road-trip/,224,227,-1.3,0,0,3,2,0,0
/ru/2009/06/coin-sorting/,171,175,-2.3,0,0,3,2,0,0
/ru/2009/06/collaborative-origami/,973,991,-1.8,0,0,0,0,0,0
/ru/2009/06/doggy-planning/,762,783,-2.8,0,0,0,4,0,0
/ru/2009/06/mr-happy-face/,587,617,-5.1,1,1,3,3,0,0
/ru/2009/06/no-one-listens-to-me/,153,158,-3.3,0,0,3,2,0,0
/ru/2009/06/pair-programming-game/,184,188,-2.2,0,0,3,2,0,0
/ru/2009/06/picture-me/,550,569,-3.5,0,0,0,0,0,0
/ru/2009/06/planning-poker/,237,241,-1.7,0,0,3,3,0,0
/ru/2009/06/presto-manifesto/,210,215,-2.4,0,0,3,2,0,0
/ru/2009/06/process-doodle/,152,157,-3.3,0,0,3,2,0,0
/ru/2009/06/question-game/,148,152,-2.7,0,0,3,2,0,0
/ru/2009/06/resort-brochure/,344,350,-1.7,0,0,3,2,0,0
/ru/2009/06/tangled-mess/,154,159,-3.2,0,0,3,2,0,0
/ru/2009/06/telephone-game/,137,146,-6.6,0,0,3,2,0,0
/ru/2009/06/the-story-of-our-sprints/,208,215,-3.4,0,0,3,2,0,0
/ru/2009/06/the-train-game/,403,407,-1,0,0,3,2,0,0
/ru/2009/06/theory-of-constraints-dice-game/,162,168,-3.7,0,0,3,2,0,0
/ru/2009/06/were-having-a-party/,370,378,-2.2,0,0,3,2,0,0
/ru/2009/06/what-were-they-thinking/,933,953,-2.1,0,0,8,8,0,0
/ru/2009/06/word-at-a-time-letter/,160,165,-3.1,0,0,3,2,0,0
/ru/2009/06/you-are-not-in-control/,1491,1496,-0.3,0,0,0,0,0,0
/ru/2009/07/people-polling/,400,404,-1,0,0,3,2,0,0
/ru/2009/08/example-please/,723,731,-1.1,0,0,0,0,0,0
/ru/2009/09/sizing-game/,2575,2642,-2.6,0,0,4,4,0,0
/ru/2009/11/tastycupcakes-published-in-agile-journal/,29,30,-3.4,0,0,3,2,0,0
/ru/2010/07/the-backlog-is-in-the-eye-of-the-beholder/,800,863,-7.9,0,0,3,2,0,0
/ru/2011/04/non-musical-chairs/,303,305,-0.7,0,0,3,2,0,0
/ru/2011/04/pair-chess-exercise/,160,163,-1.9,0,0,4,4,0,0
/ru/2011/04/redesign-the-gift-giving-experience/,152,159,-4.6,0,0,4,3,0,0
/ru/2011/04/sustaining-agility/,37,39,-5.4,0,0,4,3,0,0
/ru/2011/06/cover-story-2/,257,263,-2.3,0,0,3,2,0,0
/ru/2011/06/empathy-map/,37,39,-5.4,0,0,4,3,0,0
/ru/2011/06/prune-the-product-tree/,321,327,-1.9,0,0,3,2,0,0
/ru/2011/07/the-big-payoff/,836,845,-1.1,0,0,3,2,0,0
/ru/2012/04/scrum-simulation-with-lego-bricks/,52,54,-3.8,0,0,5,4,0,0
/ru/2015/02/scrumble-an-agile-board-game/,52,54,-3.8,0,0,5,4,0,0
/ru/2016/06/paint-the-story-point/,49,51,-4.1,0,0,4,3,0,0
/about/don-mcgreal/,99,101,-2,1,1,0,0,0,0
/about/get-involved/,142,144,-1.4,0,0,1,3,0,0
/about/michael-mccullough/,139,141,-1.4,1,1,1,2,0,0
/about/michael-sahota/,79,79,0,0,0,0,0,0,0
/about/translation-project/,1035,1060,-2.4,0,0,0,7,0,0
/about/,116,117,-0.9,0,0,3,3,0,0
/agile-games-conference-2011/,207,210,-1.4,0,0,0,1,0,0
